{
	"id": "23ec4375-5c31-4d54-a936-098513351c60",
	"name": "vFW_CNF_CDS",
	"values": [
		{
			"key": "k8s",
			"value": "127.0.0.1",
			"enabled": true
		},
		{
			"key": "service-name",
			"value": "vfw_cnf_cds_demo",
			"enabled": true
		},
		{
			"key": "service-version",
			"value": "1.0",
			"enabled": true
		},
		{
			"key": "sdnc_port",
			"value": "30111",
			"enabled": true
		},
		{
			"key": "service-instance-name",
			"value": "vfw-cnf-0",
			"enabled": true
		}
	],
	"_postman_variable_scope": "environment",
	"_postman_exported_at": "2020-05-28T07:36:36.939Z",
	"_postman_exported_using": "Postman/7.24.0"
}