{
	"id": "3607692a-6b58-4af4-a217-7490f46a55ed",
	"name": "CNF Env",
	"values": [
		{
			"key": "k8s",
			"value": "infra.kbanka-env",
			"enabled": true
		},
		{
			"key": "sdnc_port",
			"value": "30863",
			"enabled": true
		},
		{
			"key": "cds-service-model",
			"value": "vFW_CNF-Service",
			"enabled": true
		},
		{
			"key": "cds-service-model-version",
			"value": "1.0",
			"enabled": true
		},
		{
			"key": "cba_name",
			"value": "vFW_CNF_CDS",
			"enabled": true
		},
		{
			"key": "cba_version",
			"value": "1.1.12",
			"enabled": true
		},
		{
			"key": "cba_vnf_target",
			"value": "vnf",
			"enabled": true
		},
		{
			"key": "cds-instance-name",
			"value": "SharedPostman-17",
			"enabled": true
		},
		{
			"key": "service-invariantUUID",
			"value": "b3f37a9f-6584-4f9c-8ea3-1d8ac62e0df8",
			"enabled": true
		},
		{
			"key": "service-name",
			"value": "vFW_CNF-Service",
			"enabled": true
		},
		{
			"key": "service-uuid",
			"value": "7d00ecc5-2bed-4d5c-8523-b953698dd9ab",
			"enabled": true
		},
		{
			"key": "service-version",
			"value": "1.0",
			"enabled": true
		},
		{
			"key": "vnf-modelinfo-modelcustomizationuuid",
			"value": "27c0f94f-64f7-44d5-849d-0a043c237a33",
			"enabled": true
		},
		{
			"key": "vnf-modelinfo-modelinstancename",
			"value": "cnf_with_vsn_fixed 0",
			"enabled": true
		},
		{
			"key": "vnf-modelinfo-modelinvariantuuid",
			"value": "5a822773-8f44-45c1-b61d-95bec7d3fc1b",
			"enabled": true
		},
		{
			"key": "vnf-modelinfo-modelname",
			"value": "cnf_with_vsn_fixed",
			"enabled": true
		},
		{
			"key": "vnf-modelinfo-modeluuid",
			"value": "1c0f2e99-f554-4a60-8121-fbf5e40a90ba",
			"enabled": true
		},
		{
			"key": "vnf-modelinfo-modelversion",
			"value": "1.0",
			"enabled": true
		},
		{
			"key": "vnf-vfmodule-0-label",
			"value": "base_template",
			"enabled": true
		},
		{
			"key": "vnf-vfmodule-0-modelinfo-modelcustomizationuuid",
			"value": "578a4096-4f90-487b-b01d-1bbe73f2d012",
			"enabled": true
		},
		{
			"key": "vnf-vfmodule-0-modelinfo-modelinvariantuuid",
			"value": "1cb607ef-d105-46f7-888c-94b5c199c7df",
			"enabled": true
		},
		{
			"key": "vnf-vfmodule-0-modelinfo-modelname",
			"value": "CnfWithVsnFixed..base_template..module-0",
			"enabled": true
		},
		{
			"key": "vnf-vfmodule-0-modelinfo-modeluuid",
			"value": "e2ff2e1a-678b-4ef4-8d33-afc1a3066ff4",
			"enabled": true
		},
		{
			"key": "vnf-vfmodule-1-label",
			"value": "vsn",
			"enabled": true
		},
		{
			"key": "vnf-vfmodule-1-modelinfo-modelcustomizationuuid",
			"value": "d9722a2b-96ad-473a-b109-7527328755da",
			"enabled": true
		},
		{
			"key": "vnf-vfmodule-1-modelinfo-modelinvariantuuid",
			"value": "4b46e09e-312e-45ad-a5c6-f8998229d0de",
			"enabled": true
		},
		{
			"key": "vnf-vfmodule-1-modelinfo-modelname",
			"value": "CnfWithVsnFixed..vsn..module-1",
			"enabled": true
		},
		{
			"key": "vnf-vfmodule-1-modelinfo-modeluuid",
			"value": "b2df4f51-256c-4a0f-9328-5417bfda34c1",
			"enabled": true
		},
		{
			"key": "vnf-vfmodule-2-label",
			"value": "vpkg",
			"enabled": true
		},
		{
			"key": "vnf-vfmodule-2-modelinfo-modelcustomizationuuid",
			"value": "9daa3865-63a4-46b4-a1c1-5886e0b08e95",
			"enabled": true
		},
		{
			"key": "vnf-vfmodule-2-modelinfo-modelinvariantuuid",
			"value": "1d620f95-477e-4529-a098-1c183a24155b",
			"enabled": true
		},
		{
			"key": "vnf-vfmodule-2-modelinfo-modelname",
			"value": "CnfWithVsnFixed..vpkg..module-2",
			"enabled": true
		},
		{
			"key": "vnf-vfmodule-2-modelinfo-modeluuid",
			"value": "37b467c3-0dc3-4ab0-a5fc-f32378837f33",
			"enabled": true
		},
		{
			"key": "vnf-vfmodule-3-label",
			"value": "vfw",
			"enabled": true
		},
		{
			"key": "vnf-vfmodule-3-modelinfo-modelcustomizationuuid",
			"value": "2f49be52-ec8b-487a-8d04-92b942f566b8",
			"enabled": true
		},
		{
			"key": "vnf-vfmodule-3-modelinfo-modelinvariantuuid",
			"value": "576cdac0-878e-42ac-baa9-ff55dd7c3588",
			"enabled": true
		},
		{
			"key": "vnf-vfmodule-3-modelinfo-modelname",
			"value": "CnfWithVsnFixed..vfw..module-3",
			"enabled": true
		},
		{
			"key": "vnf-vfmodule-3-modelinfo-modeluuid",
			"value": "e13d58fd-f3ae-42ac-879c-e1656d2a1488",
			"enabled": true
		},
		{
			"key": "vnf-vfmodule-0-modelinfo-instancename",
			"value": "SharedPostman-17-base_template",
			"enabled": true
		},
		{
			"key": "vnf-vfmodule-1-modelinfo-instancename",
			"value": "SharedPostman-17-vsn",
			"enabled": true
		},
		{
			"key": "vnf-vfmodule-2-modelinfo-instancename",
			"value": "SharedPostman-17-vpkg",
			"enabled": true
		},
		{
			"key": "vnf-vfmodule-3-modelinfo-instancename",
			"value": "SharedPostman-17-vfw",
			"enabled": true
		},
		{
			"key": "cds-instanceid",
			"value": "19e918ac-b2ff-4bfd-8a04-496e2100565a",
			"enabled": true
		},
		{
			"key": "cds-requestid",
			"value": "8ded61c0-a897-4c04-9ebe-bf6a4ad097a1",
			"enabled": true
		},
		{
			"key": "cba_id",
			"value": "7c745f88-3741-4881-9836-754aeea0dd19",
			"enabled": true
		},
		{
			"key": "cds-vnf-instance-id",
			"value": "bff6f912-02cd-4907-a443-1f9558b4888b",
			"enabled": true
		}
	],
	"_postman_variable_scope": "environment",
	"_postman_exported_at": "2020-02-18T06:39:10.832Z",
	"_postman_exported_using": "Postman/7.17.0"
}